filename,title,note,date,group
講演・登壇/ny-tomonkai-2024-general-meeting.pdf,ニューヨーク稲門会 2024年度総会（乾杯の発声）,2024年6月14日、ハーバードクラブ・オブ・ニューヨークで開かれた早稲田大学ニューヨーク稲門会の2024年度総会の記録10点。三木晋吉が乾杯の発声を務めました。校友会旗を掲げた会場での役員のご挨拶、記念品の贈呈、壇上での乾杯、テーブルでの歓談、参加者およそ80名の集合写真、そして二次会へ向かうミッドタウンの夜まで。会場となったハーバードクラブは1894年開館のニューヨーク市指定歴史建造物です。ご一緒した方々のお名前は伏せています。,2024-06-14,講演・登壇
事業統合/grand-guardian-tokio-marine-myanmar-jv-2019.pdf,ミャンマー Grand Guardian Tokio Marine 合弁設立（2019年）,東京海上日動火災保険と、シュエタング・グループ傘下の Grand Guardian Insurance Holding によるミャンマーでの損害保険合弁会社「Grand Guardian Tokio Marine General Insurance（GGITM）」設立の記録14点。三木晋吉が東京海上アジア統括として設立を主導しました。2019年4月30日にヤンゴンのパンパシフィック・ホテルで両社の調印式が行われ、同年11月28日にミャンマー当局の設立認可を取得（東京海上日動が15％出資）、12月に日本生命との生命保険合弁 Grand Guardian Nippon Life とあわせて営業を開始しました。収録内容は、2019年3月10日のシュエダゴン・パゴダ（全景、参拝、献水）、4月30日の調印式での署名と調印書の交換、12月3日のオフィス開設に伴うテープカットと開所式、そして Business Launch Celebratory Dinner の舞台、ミャンマーと日本の民族衣装をまとった出演者の皆さまとの記念撮影、会場での記念撮影、両社関係者による集合写真。ミャンマー国営の Myanmar Digital News は12月4日付で開業式典を報じ、出席者として東京海上日動火災保険代表 Shinkichi Miki の名を記しています。ご一緒した方々のお名前は伏せています。,2019-12-18,事業統合
事業統合/tokio-marine-safety-insurance-merger-2018-2019.pdf,東京海上セーフティー・インシュランス 発足 — タイ事業の統合（2018-2019年）,タイ国東京海上火災保険と、タイの保険大手セーフティー・インシュランスの統合の記録7点。三木晋吉が統合のリーダーとして推進しました。買収は2018年6月に発表され、2019年6月4日に合併新会社の名称を「東京海上セーフティー・インシュランス」とすることが公表、タイ保険委員会事務局（OIC）の承認を経て2020年初めに統合が完了しました。新会社は3年以内に収入保険料217億バーツ、純利益11億バーツを目標に掲げています。収録内容は、2561年（2018年）6月の事業方針記者会見、幹部の集合写真、2019年4月30日の全社集会（会場全体と参加者の様子）、2019年6月4日の記者会見後に撮影された新経営陣の記念撮影、時事通信社「時事速報」2019年6月5日付の報道、そして2019年12月20日のタウンホールミーティング「Foster a sustainable future」。The Nation紙も「Insurers merge as Tokio Marine Safety Insurance」として報じています（本サイトの外部掲載欄からご覧いただけます）。ご一緒した方々のお名前は伏せています。,2019-06-04,事業統合
記念写真/waseda-gakuin-nonaka-sensei-shaonkai-2019.pdf,早稲田大学高等学院 野中久武先生 謝恩会（2019年）,2019年2月9日に開かれた早稲田大学高等学院 英語科 野中久武先生の謝恩会の記録14点。三木晋吉は1983年の学院卒業生として出席しました。壇上での学年ごとの記念撮影、会場いっぱいの参加者およそ200名による全体集合写真、テーブルでの記念撮影、早稲田大学応援部によるチアリーディングと演舞、先生ご自身がスクリーンに当時の写真を映しながら語られる場面、肩を組んでの校歌斉唱、そして万歳三唱まで。本アーカイブに収録している2017年11月の「グローバル社会と、学院と、これから2017」パネルディスカッションは、この野中先生が教え子5名と語る企画で、三木晋吉もパネリストとして登壇したものです。ご一緒した方々のお名前は伏せています。,2019-02-09,記念写真
掲載記事/thailand-insurance-2019-tokio-marine-asia.pdf,Thailand Insurance 誌 2019年 特集「21年目のタイ保険業界に何が起きるか」,タイの保険専門誌 Thailand Insurance（นิตยสารไทยแลนด์อินชัวรันส์）創刊21年目の特集記事。2562年（2019年）以降のタイ保険業界の展望を論じる。金利環境と家計消費、監督当局の規制強化、業界再編・M&Aの加速、生命保険と損害保険の垣根の変化などを取り上げる。東京海上アジア 常務取締役 三木晋吉（ชินคิจิ ไมค์ มิกิ）が、東南アジア市場の潜在力、とりわけCLMV諸国とメコン地域の成長性についてコメント。,2019-01-01,掲載記事
受賞・表彰/asia-insurance-industry-awards-2018-singapore.pdf,22nd Asia Insurance Industry Awards 2018（シンガポール）,Asia Insurance Review 主催「22nd Asia Insurance Industry Awards 2018」（シンガポール）の記録2点。東京海上アジア 常務取締役 三木晋吉は2018年・2019年の2年にわたり同アワードの審査員を務めました。記念プレートの授与と、壇上でのスピーチ。2018年10月開催。正確な日付は不明です。ご一緒した方々のお名前は伏せています。,2018-10-01,受賞・表彰
社内行事/tmith-shanai-hyosho-2016-2018.pdf,タイ国東京海上火災保険 社内表彰 2016-2018,年次行事以外の社内表彰の記録3点。「TMITH GOT TALENT」プロジェクトの表彰（2016年1月11日・Ratchapruek Room）、関係者への表彰状授与（写真データの記録日は2016年7月28日）、そして「ROCK 'N ROLL」をテーマとしたパーティーでの表彰（会場の掲示は7月8日、写真データの記録日は2018年7月28日）。後半2点は正確な開催日が確認できていません。ご一緒した方々のお名前は伏せています。,2018-07-28,社内行事
社内行事/tokio-marine-asia-regional-growth-strategy-meeting-2018.pdf,東京海上アジア Regional Growth Strategy Meeting（2018年6月29日）,"2018年6月29日に開かれた東京海上アジア（Tokio Marine Asia）の Regional Growth Strategy Meeting の記録5点。スクリーンには「To Be a Good Company」のスローガンと TOKIO MARINE INSURANCE GROUP のロゴ、そして「Regional Growth Strategy Meeting／June 29th, 2018／Tokio Marine Asia」と映されています。アジア各国の拠点から集まった70名を超える参加者の集合写真、スクリーンを背にしたチームでの記念撮影、そして夜の懇親会でのスナップ3点。三木晋吉のネームタグには TMA（Singapore）とあり、シンガポールの東京海上アジア（Tokio Marine Asia）のマネージング・ディレクターとしてアジア統括を務めていた時期にあたります。参加者の服装や名札が示すとおり、タイ、インドネシア、フィリピン、シンガポール、日本など各国のメンバーが一堂に会した会議でした。ご一緒した方々のお名前は伏せています。",2018-06-29,社内行事
社内行事/tmith-kekki-taikai-2018-agency.pdf,タイ国東京海上火災保険 代理店決起大会 2018（KEKKI TAIKAI 2018）,2018年3月30日に開催された代理店決起大会「KEKKI TAIKAI 2018」の記録8点。舞台裏、ステージでの出し物、背景幕での記念撮影、そして翌31日にタイの正装で撮影した記念写真。正装での記念写真は、コロニアル様式の洋館の前での少人数と大人数の集合、および会場の背景幕の前での撮影。三木晋吉社長にとって最後の決起大会となりました（後任の発表は同月28日）。ご一緒した方々のお名前は伏せています。,2018-03-30,社内行事
社内行事/tmith-shinnenkai-2018.pdf,タイ国東京海上火災保険 新年会 2018,2018年3月16日に開催された社員の新年会の記録8点。その年のテーマは「Once upon the time」。ステージ前での記念撮影、テーブルでの集合、仮装した皆さまとの記念写真、会場全景に加え、中華風の装いの方との記念撮影、セーラー服姿の一団による余興の壇上へマイクを持って上がる場面、舞台裏での記念撮影。ご一緒した方々のお名前は伏せています。,2018-03-16,社内行事
golf/golf-omoide-lpga-thailand-singapore.pdf,ゴルフの思い出 Honda LPGA Thailand・HSBC Women's World Championship,タイ駐在時代に足を運んだ女子ゴルフトーナメントでの記念写真24点。Honda LPGA Thailand（チョンブリ・シアムカントリークラブ）の練習日・ラウンド・大会レセプション、およびHSBC Women's World Championship（シンガポール）でのもの。2016年大会10周年を記念したガラでの太鼓の演舞、プロアマ戦でサインをいただいたHonda LPGA Thailandのキャップを手にした一枚、2017年・2018年のラウンドで各ホールの表示板の前での記念撮影、レセプションでの記念撮影、そして大会記念のキャディバッグまで。2017年のプロアマ戦の様子は、ご一緒した選手ご本人がSNSに投稿されており、その投稿へのリンクを本サイトの外部掲載欄に置いています。ご一緒した選手の皆さまのお名前は伏せています。,2018-02-01,ゴルフ
記念写真/thailand-motor-show-2014-2017.pdf,タイのモーターショー（2014-2017年）,タイで開催された自動車展示会を訪れた際の記録14点。自動車保険を主力とする損害保険会社の経営者として、各社の新型車と市場の動きを見て回ったものです。2014年11月18日の三菱「ALL NEW TRITON」の展示にはじまり、2016年3月22日には会場全景、ポルシェ911 GT3 Cup、MINI／BMW、マツダ、いすゞ、スズキ、スバル、トヨタと各社のブースを回りました。ホンダ「All-new BR-V」の発表ステージも収めています。2017年12月1日には三菱「GT PHEV CONCEPT」のお披露目前に同社の方と記念撮影、ホンダ・シビックのブースやレクサス・ヒュンダイ側の通路で東京海上の同僚の皆さまと並んでいます。当時のタイ国東京海上火災保険社長 三木晋吉。ご一緒した方々のお名前は伏せています。,2017-12-01,記念写真
講演・登壇/waseda-gakuin-panel-2017-global-society.pdf,早稲田大学高等学院 パネルディスカッション「グローバル社会と、学院と、これから2017」,2017年11月11日、早稲田大学高等学院 講堂で開催されたパネルディスカッションの告知資料、当日の記録12点、および学院広報誌の掲載誌面4点。英語科教諭 野中久武氏が教え子5名と語る100分。パネリストは亀山渉（早稲田大学教授）、小松庸人（外務省）、菅野幹雄（日本経済新聞社）、松本晋一（味の素）、三木晋吉（東京海上日動火災保険タイランド社長・1983年学院卒）。写真は登壇の前後に母校を歩いた記録で、人工芝の校庭での記念撮影、渡り廊下、部室で麻雀に興じる在校生たちとの一場面、秋の校舎とグラウンド、体育館でバスケットボールに興じる生徒たち、校内案内図の前での歓談、銀杏並木での集合写真、そして終了後の懇親会——鍋を囲んでのテーブルでの記念撮影、ビールでの乾杯、店の前での一枚まで。あわせて、学院の広報誌『Gakuzatsu』第65号「ボクらの学院。」に特集として掲載された誌面4点（表紙、特集扉、パネリスト発言のページ2点）を収めています。同特集は「野中久武が教え子5人と語る100分のパネルディスカッション」の全文起こしです。なお学院は2017年10月30日に本イベントを公式サイトで告知しており、その告知資料が本項目の1ページ目にあたります。同資料は現在、学院のサイトからは削除されています。同じ野中先生の謝恩会（2019年2月9日）も本アーカイブに収めています。ご一緒した方々のお名前は伏せています。,2017-11-11,講演・登壇
受賞・表彰/oic-prime-ministers-insurance-awards-2560-2017.pdf,คปภ. Prime Minister's Insurance Awards 2560（2017年）受賞 — 2年連続,タイ保険委員会事務局（สำนักงาน คปภ. / OIC）が主催する「รางวัลประกันภัยดีเด่นครบวงจร（Prime Minister's Insurance Awards）」を2560年（2017年）9月22日に受賞した際の記録10点。前年2559年（2016年）に続く2年連続受賞です。壇上での授与に続き、会場に設けられた和のしつらえの自社ブースでトロフィーを手にした記念撮影、社員一同との撮影、展示会場の様子、ブースのスタッフとの記念撮影、そして花束の贈呈まで。プミポン国王陛下の服喪期間中にあたり、参列者は黒の装いです。当時のタイ国東京海上火災保険社長 三木晋吉。ご一緒した方々のお名前は伏せています。,2017-09-22,受賞・表彰
掲載記事/a-day-bulletin-504-2017-tokio-marine-thailand-mike-miki.pdf,a day BULLETIN 第504号 特集インタビュー「To Be a Good Company」,タイの週刊フリーマガジン a day BULLETIN 第504号（2017年9月18日発行）の特集インタビュー全4ページ。同誌の発行部数はタイ国内で25万部。東京海上日動火災保険（タイランド）社長 三木晋吉（Shinkichi Mike Miki）。米国・日本・フィリピン・タイでの勤務経験を踏まえた企業文化の違い、「To Be a Good Company」の three pillars、マリン保険とメコン諸国への事業展開、宮本武蔵に学ぶ意思決定について。表紙・pp.10-15。,2017-09-18,掲載記事
記念写真/kinen-shashin-office-2010s.pdf,記念写真 執務室にて（2010年代）,執務室で撮影した記念写真7点。東京海上の社内誌に掲載された日本リーグ時代の選手名鑑のページを手にしたもの、および a day BULLETIN 第504号「良い会社」の誌面を手にした記録です。同誌は2017年9月18日の発行で、その後オフィスでは同僚たちがそれぞれ誌面を手にして写真を撮りました。サインを入れた誌面2部を掲げての一枚（9月26日）、タイ語紙に掲載された記事とクリスタルのトロフィーを並べた2点（10月6日）、誌面と一枚の写真を手にした執務室での一枚（10月12日）、そして窓辺で誌面を手にした一枚。撮影時期の詳細が不明なものも含みます。ご一緒した方々のお名前は伏せています。,2017-09-18,記念写真
掲載記事/a-day-bulletin-504-2017-photo-session-behind-the-scenes.pdf,a day BULLETIN 第504号 撮影記録と反響,2017年8月11日にバンコクで行われた a day BULLETIN 第504号 表紙・特集インタビューの撮影セッションの記録。同誌はタイ全土に25万部を発行する週刊フリーマガジンで、第504号の特集タイトルは表紙に掲げられた「To Be a Good Company」。スタジオでのポートレート撮影、東京海上グループのワールドワイド・ネットワーク図を背にしたカット、執務室での撮影風景、誌面に使われたオフィスでのポートレート。あわせて同年9月18日の発行後、BTS車内やバンコク市内の飲食店で誌面が読まれている様子、10月7日に飲食店でサイン入りの誌面を手にした記念撮影、11月24日にタイ国東京海上火災保険の支店受付に誌面が額装して飾られている様子、および2024年のニューズウィーク日本版掲載時の反響を収録。全14点。ご一緒した方々のお名前は伏せています。,2017-08-11,掲載記事
社内行事/tmith-kekki-taikai-2017-agency.pdf,タイ国東京海上火災保険 代理店決起大会 2017（KEKKI TAIKAI 2017 AGENCY AWARDS）,2017年3月31日に開催された代理店決起大会「KEKKI TAIKAI 2017 AGENCY AWARDS」の記録9点。鏡開き、舞台裏でトロフィーを手にしたカット、出演者の皆さまとの記念撮影、代理店の皆さまとの集合写真、開演前の舞台前でダンサーのお二人との記念撮影、会場でのご来賓との記念撮影。ご一緒した方々のお名前は伏せています。,2017-03-31,社内行事
王室関連/royal-mourning-king-bhumibol-2017.pdf,タイ王宮にてプミポン国王陛下に拝礼（2017年）,2016年10月13日に崩御されたプミポン国王陛下（ラーマ9世）に拝礼した際の記録8点。2017年3月24日、タイ国東京海上火災保険の一行が王宮を訪れ、白い花輪を捧げました。男性はタイの正装（白）に喪章、女性は黒の喪服を着用。御真影と白い供花が設けられたオフィスビルのロビーでの記念撮影から、王宮敷地内での全体集合写真、男性一同・女性一同の記念撮影まで。当時のタイ国東京海上火災保険社長 三木晋吉。ご一緒した方々のお名前は伏せています。,2017-03-24,王室関連
社内行事/tmith-shinnenkai-2017-masquerade.pdf,タイ国東京海上火災保険 新年会 2017（MASQUERADE PARTY）,2017年3月17日に開催された社員の新年会「TMITH 2017 MASQUERADE PARTY」の記録20点。仮装での余興、長年勤続者の表彰（Long Service Award）、仮装コンテストの表彰、参加者の集合写真。三木晋吉社長も仮装して壇上に立ちました。会場入口での牛の着ぐるみ姿の皆さまとの記念撮影、ステージの背景幕（17.03.2017）、豹柄の衣装での余興、会場のテーブルでの記念撮影、そして銀の仮面をつけてロビーで撮った一枚まで。ご一緒した方々のお名前は伏せています。,2017-03-17,社内行事
掲載記事/nna-thailand-2017-02-tokio-marine-agency-sales.pdf,The Daily NNA タイ版 2017年2月17日「東京海上、代理店販売を強化」,アジア経済情報紙NNAタイ版の一面記事。タイ国東京海上火災保険 三木晋吉社長へのインタビュー。タイ進出55周年を経て2017年度を飛躍の年と位置づけ、代理店・ブローカー経由の販売チャンネル拡大により売上高80億バーツ（約260億円）を目指す方針を語る。自動車ディーラー経由50%・日系向け45%という売上構成、タイ特有の自動車保険市場についても言及。,2017-02-17,掲載記事
受賞・表彰/tgia-50th-anniversary-2017.pdf,タイ損害保険協会（TGIA）50周年記念式典（2017年）,タイ損害保険協会（สมาคมประกันวินาศภัยไทย / TGIA）の創立50周年記念式典「50th Anniversary — The Journey of TGIA」の記録2点。壇上での記念撮影と、業界各社が並んだ全体集合写真。会場には「Power of Insurance」として500万バーツの寄付が掲げられています。2017年開催。正確な日付は不明です。ご一緒した方々のお名前は伏せています。,2017-01-01,受賞・表彰
寄稿/my-rookie-days-shinnyu-shain-jidai.pdf,寄稿「My Rookie Days（10）私の新入社員時代」,タイ国東京海上火災保険 三木晋吉による寄稿。1987年入社当時のバブル期の東京、本店営業3部でマスコミ系顧客を担当した日々、日本リーグ・バスケットボール部との両立、興行中止保険や打ち上げ保険といった特殊な保険の設計、アントニオ猪木氏との出会い、そしてスティーブ・ジョブズの「Connecting Dots」に重ねた「ご縁」についてのエッセイ。,2016-12-08,寄稿
記念写真/wat-ceremony-bangkok-2016-tokio-marine-thailand.pdf,バンコク市内の寺院での法要（2016年）,2016年11月4日、バンコク市内の寺院の本堂で執り行われた法要に参列した際の記録5点。プミポン国王陛下（ラーマ9世）が2016年10月13日に崩御された直後の服喪期間中にあたり、参列者は白のタイ正装（ชุดปกติขาว）に喪章、または黒の喪服を着用しています。ラーマキエンの壁画と天井画に囲まれた本堂の様子、白い供花を供えた本尊、本尊前での記念撮影、そして本堂前での記念撮影まで。当時のタイ国東京海上火災保険社長 三木晋吉。行事の名称は特定できていないため、確認でき次第あらためて記載します。ご一緒した方々のお名前は伏せています。,2016-11-04,記念写真
社会貢献/check-dam-tree-planting-2016-tokio-marine-thailand.pdf,堰堤づくりと植樹のボランティア（2016年）,2016年10月8日、タイ国東京海上火災保険の社員が参加した森林保全ボランティアの記録6点。前年のナーン県に続く堰堤（ฝาย）づくりの活動で、この年は竹を組んだ堰堤を沢に築きました。青いテントの下での開会に地元の小学生と村の方々が並び、そろいのTシャツで石を運び、竹を組み、完成した堰堤のそばで記念撮影。休憩をはさんで、子どもたちと一緒に苗木を植えました。当時のタイ国東京海上火災保険社長 三木晋吉も参加しています。CEO Thailand誌が「水と森の保全プロジェクト」として紹介した継続的な取り組みにあたります。ご一緒した方々のお名前は伏せています。,2016-10-08,社会貢献
受賞・表彰/oic-prime-ministers-insurance-awards-2559-2016.pdf,คปภ. Prime Minister's Insurance Awards 2559（2016年）受賞,タイ保険委員会事務局（สำนักงาน คปภ. / OIC）が主催する「รางวัลประกันภัยดีเด่นครบวงจร（Prime Minister's Insurance Awards）」を2559年（2016年）9月22日に受賞した際の記録6点。壇上でトロフィーを受け取るタイ国東京海上火災保険 三木晋吉社長、会場のスクリーン、受賞各社の集合写真、会場ロビーでの記念撮影、そしてトロフィーを囲んだ社員一同の記念撮影2点。翌2560年（2017年）にも同賞を受賞し、2年連続受賞となりました。ご一緒した方々のお名前は伏せています。,2016-09-22,受賞・表彰
社会貢献/scholarship-ceremony-2559-tokio-marine-thailand.pdf,奨学金贈呈式 2559年度（タイ国東京海上火災保険）,タイ社会福祉協議会（สภาสังคมสงเคราะห์แห่งประเทศไทยฯ）との「พิธีมอบทุนการศึกษา ประจำปีการศึกษา 2559」奨学金贈呈式の記録7点。タイ国東京海上火災保険およびタイ国東京海上生命保険が支援したもので、同社が継続して取り組んでいた社会貢献活動のひとつです。演台での挨拶、生徒の皆さんから出席者への花輪の献上、奨学金の授与、目録を持った関係者の記念撮影、生徒と関係者の全体集合写真。最後の1点は同日にオフィスで撮影したガネーシャ像の飾りです。写真データはいずれも2559年（2016年）9月14日の記録で、同日の開催と見られます。ご一緒した方々のお名前は伏せています。,2016-09-14,社会貢献
講演・登壇/press-conference-2559-2016-tokio-marine-thailand.pdf,タイ国東京海上火災保険 年次記者会見 2559（2016年）,2016年3月29日、バンコク市内のホテルで開かれた年次記者会見の記録5点。看板には「งานแถลงข่าว บริษัทโตเกียวมารีนประกันภัย (ประเทศไทย) จำกัด (มหาชน) ประจำปี 2559」（タイ国東京海上火災保険 2559年 記者会見）と掲げられています。壇上で社長 三木晋吉がマイクを持って記者の質問に答える様子、傷害保険・自動車保険・旅行傷害保険・ゴルファー保険・海上運送保険のアイコンを並べた会社案内のバックボードでの記念撮影。The Nation紙は同じ2016年3月29日付で「Tokio Marine Insurance ups focus on infrastructure」としてこの会見を報じています（本サイトの外部掲載欄からご覧いただけます）。ご一緒した方々のお名前は伏せています。,2016-03-29,講演・登壇
社内行事/tmith-kekki-taikai-2016-agency.pdf,タイ国東京海上火災保険 代理店決起大会 2016（KEKKI TAIKAI 2016）,2016年3月25日に開催された代理店決起大会「KEKKI TAIKAI 2016」の記録27点。一日の流れがほぼそのまま残っています。会場入口の記念撮影ボードでの受付、着物風の衣装のコンパニオンの皆さまとの記念撮影、申年にちなんだ猿のぬいぐるみを手にしたカット、部門ごとの記念撮影、法被姿での鏡開き、2015年度の利益分配（PROFIT SHARING）目録の贈呈、事業方針「Our Business Compass（AGENT）」の説明、代理店の皆さまへの表彰、景品のテレビの授与、バンドとの共演、ご家族へのぬいぐるみの配布、そしてダンスフロアまで。ご一緒した方々のお名前は伏せています。,2016-03-25,社内行事
社内行事/tmith-shinnenkai-2016.pdf,タイ国東京海上火災保険 新年会 2016（TMITH MUSIC FESTIVAL）,2016年3月4日、Crystal Ballroom で開催された社員の新年会「TMITH MUSIC FESTIVAL」の記録8点。その年のテーマは音楽祭で、ベリーダンスや客室乗務員の扮装など各部門の余興が続きました。舞台で花輪を掛けて労をねぎらう場面も収めています。ご一緒した方々のお名前は伏せています。,2016-03-04,社内行事
golf/customer-golf-christmas-party-2015-tokio-marine-thailand.pdf,お客様とのゴルフコンペとクリスマスパーティー（2015年）,2015年12月26日、タイ国東京海上火災保険がお客様をお招きして開催したゴルフコンペと、その夜のクリスマスパーティーの記録6点。朝の受付ではスコアカードと優勝カップを並べた席に運営の皆さまが並び、コースでは同社のバックボードの前とティーグラウンドで記念撮影。青空の広がるフェアウェイも収めています。日が暮れてからは会場を移し、赤と緑のTシャツやサンタの衣装で全員が並んだ記念撮影2点。当時のタイ国東京海上火災保険社長 三木晋吉。ご一緒した方々のお名前は伏せています。,2015-12-26,ゴルフ
社会貢献/check-dam-nan-2015-tokio-marine-thailand.pdf,堰堤づくりボランティア ナーン県（2015年）,2015年12月19日、タイ北部ナーン県ボークルア郡プーファー地区のバーン・フアイローム集落で行われた堰堤（ฝาย）づくりのボランティア活動の記録9点。プミポン国王陛下の88歳のお誕生日（2015年12月5日）を記念した「โครงการสร้างฝายถวายในหลวง」として、県・財団とともに実施されました。キャンペーン名は「หอบรัก มาห่มป่า」（愛を抱えて森を包みに）。前夜に集落へ到着して防寒具を贈呈し、翌朝に式典、子どもたちへのマフラー掛け、そして森の中での堰堤づくりへ。タイ国東京海上火災保険の社員が参加し、当時の社長 三木晋吉も加わっています。CEO Thailand誌が「水と森の保全プロジェクト」として紹介した活動にあたります。ご一緒した方々のお名前は伏せています。,2015-12-19,社会貢献
王室関連/sirindhorn-royal-audience-2015-tokio-marine-photos.pdf,シリントーン王女殿下への拝謁 記念写真（2015年11月4日）,2015年11月4日、シリントーン王女殿下への拝謁の記録2点。会場となった宮殿の前での記念写真と、同日夜に放送されたチャンネル7の王室ニュースをテレビ画面で捉えた一枚（22時28分撮影）。タイ国東京海上火災保険による寄付に対し、王女殿下より表彰を賜りました。三木晋吉は同社の社長として出席しています。放送された映像そのものは本アーカイブの別項目に収めています。ご一緒した方々のお名前は伏せています。,2015-11-04,王室関連
社内行事/tmith-halloween-party-2015.pdf,タイ国東京海上火災保険 ハロウィンパーティー 2015,2015年10月29日、バンコクのオフィスで開催されたハロウィンパーティーの記録14点。執務室を飾り付けし、部署ごとに仮装して午後を過ごしました。部門ごとの集合写真、仮装コンテストの表彰状授与、お菓子の配布、タイの正装での集合写真。三木晋吉社長も仮装で参加しています。ご一緒した方々のお名前は伏せています。,2015-10-29,社内行事
掲載記事/the-best-biz-thailand-2015-tokio-marine-press-conference.pdf,The Best Biz Thailand 2015 表紙特集「東京海上グループ タイ事業戦略記者会見」,2015年7月31日バンコクで開催された東京海上グループの記者会見（Life & Health / Property & Casualty）を伝える表紙特集 pp.8-11。東京海上ホールディングス 永野毅 社長兼CEOが、タイをメコン諸国の中心と位置づけるグループ戦略、2558年から2560年の中期ビジョン「2017 To be a Good Company」の三本柱（Look beyond Profit・Empower our People・Deliver on Commitment）、HCC Insurance Holdings買収、高齢化社会を迎えるタイでの生命保険・損害保険事業について語る。記者会見にはタイ国東京海上火災保険 三木晋吉社長も同席。,2015-07-31,掲載記事
寄稿/my-fair-golf-jcc-nawatani-15th.pdf,寄稿「My Fair Golf」Serial 71 忘れられないあのホール,バンコク日本人商工会議所（JCC）理事としての寄稿。1996年フィリピン駐在時に始めたゴルフ歴、シンシナティ・ロサンゼルス駐在時代のラウンド、プロゴルファー宮里藍さんから受けた「自然を楽しむ」という助言、そして忘れられないホールとしてナワタニ・ゴルフ・コース15番を挙げる。,2015-06-01,寄稿
社内行事/tmith-kekki-taikai-2015-agency.pdf,タイ国東京海上火災保険 代理店決起大会 2015（KEKKI TAIKAI 2015）,"2015年3月27日に開催された代理店決起大会「KEKKI TAIKAI 2015」の記録9点。鳥居を模したステージに「FIGHT TOGETHER」「STRIVE FOR SUCCESS」を掲げ、会場にはミャンマーのシュエダゴン・パゴダ、タイのワット・プラケオ、カンボジアのアンコール・トム、ラオスのタート・ルアンを並べた記念撮影ボードが設けられました。法被姿での鏡開き、前年度の優績代理店への「TOKIO MARINE AWARD 2014」表彰（傷害保険1,000,000バーツの目録と鳥居型のトロフィー）、そして三木晋吉社長がLEDスーツをまとってダンスチームと登壇したレーザー演出まで。舞台裏で衣装を着付けている場面も収めています。ご一緒した方々のお名前は伏せています。",2015-03-27,社内行事
社内行事/tmith-shinnenkai-2015-wonderland.pdf,タイ国東京海上火災保険 新年会 2015（WONDERLAND NIGHT PARTY）,2015年3月6日に開催された社員の新年会「Wonderland Night Party」の記録9点。その年のテーマは童話の不思議の国で、バルーンアーチを設けた会場入口での出迎えから始まり、三木晋吉社長が白いスーツで壇上に立って挨拶、各部門の仮装による余興、テーブルごとの記念撮影、魔女のマントをまとった一団のステージ登壇、そして仮装コンテスト入賞者へのROYCE'（ロイズ）チョコレートの贈呈まで。タイ国東京海上火災保険の新年会は2015年から2018年まで本アーカイブに収録しています。ご一緒した方々のお名前は伏せています。,2015-03-06,社内行事
社会貢献/mangrove-planting-ranong-2015-tokio-marine-nichido.pdf,マングローブ植林活動 タイ・ラノーン県（2015年1月）,"2015年1月26日から30日にかけて、タイ南部ラノーン県で行われた東京海上日動火災保険のマングローブ植林活動の記録9点。東京海上グループのマングローブ植林プロジェクトは1999年に社員の提案から始まったもので、この回は参加者のTシャツにある通り 「15th Anniversary Tokio Marine & Nichido Mangrove Project Thailand, 2000-2015」——タイでの15周年にあたります。本社から参加した Green Volunteers と、タイ国東京海上火災保険の社員が現地で合流しました。植林地はラノーン県のバンガオ（Ban Ngao）。現地の看板には「Thai-Japan Friendship Through Mangrove Planting Project」「Mangrove Forest : Forest for Life」と掲げられ、オイスカ（OISCA タイ）、タイ海洋沿岸資源局（DMCR）、ンガオ・マングローブ保全コミュニティとの協働で、2014年度に5ヘクタール、通算63回目の植林として実施されたことが記されています。収録は、宿舎となったラノーンの Tinidee Hotel の歓迎幕の前での参加者集合写真、スワンナプーム空港での出発、写真展を設えた式典、DMCR の職員とともに川をさかのぼるボート、植林地の看板の前での説明、地元の小学生たちとの記念撮影2点、川岸でのボランティア、そして海に沈む夕陽まで。同プロジェクトは東京海上ホールディングスの公表によれば2025年3月時点で9カ国・累計12,970ヘクタールに達しています。ご一緒した方々のお名前は伏せています。",2015-01-26,社会貢献
掲載記事/ceo-thailand-issue115-2015-tokio-marine-thailand.pdf,CEO Thailand 誌 Issue 115 表紙特集 タイ国東京海上火災保険 三木晋吉社長,タイのビジネス誌 CEO Thailand Vol.11 Issue 115 の表紙と表紙特集 pp.31-32。「2558年（2015年）の最優秀損害保険会社」特集の表紙に、ムアンタイ、ティップヤ、サイアムシティ各社のトップと並んで登場。本文では損害保険業界トップ3を目指す方針として、2557年（2014年）の直接収入保険料7412百万バーツ・純利益416百万バーツ、2558年は直接収入保険料8.2十億バーツ・10.8%成長の目標を掲げる。運転行動に応じた自動車保険料の見直し、インフラ関連事業への進出、S&PからのA-格付、修理ネットワークの内製化などを語る。あわせて奨学金、水と森の保全プロジェクト、ネパール地震被災者支援といった社会貢献活動を紹介。,2015-01-01,掲載記事
掲載記事/wise-thai-shinchoryu-vol43-tokio-marine-thailand.pdf,WiSE「タイの新潮流」VOL.43 東京海上日動火災保険（タイランド）社長 三木晋吉,日系企業トップインタビュー連載。「タイ進出50年で最大の変革期。目指すは、業界3位」。タイ国内24支店・日本人駐在員21名を含む約800名体制、インドネシア・インド・タイを東南アジア3大重要拠点とする位置づけ、メコン室の設置とメコン河下流域（タイ・ミャンマー・ラオス・カンボジア）への展開、業界7位から3位への浮上を5年で達成する目標について語る。,2015-01-01,掲載記事
掲載記事/watashi-no-la-tokio-marine-los-angeles-branch.pdf,インタビュー「私のLA」生まれ故郷のLAで地域・社会に貢献します,東京海上日動火災保険 米国支店部長兼ロサンゼルス支店長 三木晋吉へのインタビュー。1965年ロサンゼルス生まれ、87年早稲田大学卒業・東京海上火災保険入社、2003年より米国シンシナティ支店長、08年よりロサンゼルス支店長。中学3年で193cm、バスケットボールとの出会いから日本リーグでの9年間、37歳での引退、生まれ故郷LAへの赴任、JBAを通じた地域貢献活動について語る。,2013-01-01,掲載記事
記念写真/kinen-shashin-1990s-2010s.pdf,記念写真 1990年代-2010年代,パーティーや会合の折に撮影した記念写真8点。1990年代の東京でのパーティー、および2010年代のロサンゼルス・ビバリーヒルズ駐在時代のもの。ご一緒した方々のお名前は伏せています。,2013-01-01,記念写真
受賞・表彰/tokio-marine-us-100th-anniversary-los-angeles-2012.pdf,東京海上 米国進出100周年 記念祝賀会（ロサンゼルス・2012年）,"2012年2月24日、ロサンゼルスの全米日系人博物館（JANM）で開催された東京海上の米国進出100周年記念祝賀会の記録15点。当時のロサンゼルス支店長 三木晋吉。会場全景、演台での挨拶、JANMへの25,000ドルの寄付目録の贈呈、鏡開きと乾杯、1931年のTIME誌などを収めた歴史展示、記念ケーキの入刀。前半8点は The Rafu Shimpo（羅府新報）撮影、後半6点は別のカメラによるものです。同紙の記事「米国進出100周年で祝賀会：顧客や地元社会に感謝」（2012年3月7日）は本サイトの外部掲載欄からご覧いただけます。同じ祝賀会を報じたロサンゼルスの日本語テレビ局 UTB のニュース映像も、本アーカイブの別項目に収めています。ご一緒した方々のお名前は伏せています。",2012-02-24,受賞・表彰
掲載記事/jba-news-2011-10-nisei-week-arigato.pdf,JBA NEWS 2011年10月号「二世ウィーク・ジャパニーズ・フェスティバル／ARIGATOイベント」,南加日系商工会議所（JBA）会報。三木ダウンタウン地域部会長がJBAを代表して二世ウィーク開会式で挨拶し、実行委員長マーク・ナカガワ氏へ5000ドルを寄付。あわせて東日本大震災被災者支援への感謝イベント「ARIGATO -Southern California for Supporting Japan Relief」（在ロサンゼルス日本国総領事館主催・日米文化会館ノグチプラザ）を報じる。,2011-10-01,掲載記事
掲載記事/rafu-shimpo-2011-07-nisei-week-candidates.pdf,The Rafu Shimpo 2011年7月19日「Nisei Week Candidates Revealed」,ロサンゼルスの日系紙 羅府新報の記事。第71回二世ウィーク日本祭（2011年8月13-21日・リトルトーキョー）開会式の報道。Japan Business Association（JBA）を代表し三木晋吉が二世ウィーク財団のMark Nakagawa会長に5000ドルの寄付を贈呈した写真を掲載。,2011-07-19,掲載記事
掲載記事/group-nextage-no9-communication-tmm-los-angeles.pdf,Group Nextage No.9「コミュニケーション 言葉は違えど」TMM米国支店ロサンゼルス駐在員 三木晋吉,"東京海上グループ社内報 Group Nextage 第9号 p.6。Tokio Marine Management, Inc.（TMM）米国支店（在ロサンゼルス）駐在員として、海外駐在12年目・3回目を迎えた立場から異文化コミュニケーションを語る。心掛けている3点として「自ら明るく積極的に」「表現はシンプルかつ丁寧に」「相手の立場に立って話をしっかりと聞く」を挙げ、TMM LAオフィスのスローガン「お客様と最高の関係を築く」に触れる。紹介者の池田博之氏は三木の「傾聴」の姿勢をコメント。職場の同僚との写真を掲載。",2009-01-01,掲載記事
掲載記事/mobile-2002-spring-mobile-work-style.pdf,Mobile! 2002年春号「モバイルが仕事を変える！」用途に応じて自在にツールを使い分け,モバイル情報誌 Mobile! 2002年春号 p.104 の特集記事。東京海上火災保険 三木晋吉（37歳）が、上級者のモバイル環境について語る。中学時代からコンピュータに親しみ、学生時代にノートPCとメールアドレスを同時に入手。PDA・ノートPC・携帯電話を顧客訪問や移動の場面ごとに使い分ける手法、海外出張時のSIMカード運用、セキュリティへの配慮などを紹介。あわせてフリーソフト ClosePopup、BeerGuard を掲載。,2002-04-01,掲載記事
記念写真/tokio-marine-malayan-insurance-manila-1990s.pdf,Tokio Marine Malayan Insurance 社名変更記念パーティー（マニラ・1990年代後半）,"東京海上のフィリピン現地法人 Tokio Marine Malayan Insurance Co., Inc. の社名変更を記念して開かれたパーティーの記録3点。会場に掲げられた横断幕には 「TOKIO MARINE MALAYAN INSURANCE CO., INC.（Formerly Pan Malayan Insurance Corp.）Honoring the Visit of Mr. Higuchi and Celebrating the Change of Corporate Name」とあり、本社からの来訪にあわせて、パン・マラヤン・インシュアランスからの社名変更を祝う会であったことが読み取れます。東京海上のフィリピン進出は1964年、ユチェンコ財閥のマラヤン・グループとの合弁によるものでした。当時の東京海上火災保険の社長は樋口公啓氏（在任1996年〜2001年）です。三木晋吉は選手生活を終えた直後の1990年代後半から5年間、マニラに駐在しました。収録は、横断幕の前での参加者の集合写真、邸宅での記念撮影、そしてマニラのオフィスで社長席を囲んだ一枚。フィルム写真をスキャンしたもので、撮影年月日の記録は残っていません。なお同社は2008年7月にマラヤン・インシュアランスに吸収合併され、社名としては姿を消しています。ご一緒した方々のお名前は伏せています。",1999-01-01,記念写真
競技歴/basketball-career-waseda-tokio-marine-1986-1997.pdf,バスケットボール競技歴 1986-1997（早稲田大学・東京海上・マニラ）,バスケットボール選手時代の資料8点。第44回早慶バスケットボール定期戦（1986年6月15日 早稲田大学記念会堂）プログラム表紙。早稲田大学バスケットボール部 強化リーグB-1 選手名鑑（背番号7・センター・192cm・商学部・早大学院出身「シュート。走るセンターとして期待」）。日本リーグ（現Bリーグ）東京海上ビッグブルー 選手名鑑2年度分（背番号13・193cm・85kg・ロサンゼルス出身・杉並区立高井戸第三小→杉並区立向陽中→早稲田大学高等学院→早稲田大学、1991年は平均年齢27.6歳・平均身長187.5cmのチーム）。日本リーグ（現Bリーグ）の戦評およびスコア一覧2点。The Daily MANILA SHIMBUN 1997年11月26日「ひと交差点」日本人フィエスタのバスケで活躍・スポーツ通し日比交流に努力。,1997-11-26,競技歴
掲載記事/mike-shinkichi-miki-a-day-bulletin-504-cover-2017.jpg,三木晋吉 ポートレート（a day BULLETIN 第504号 表紙写真・2017年）,タイの週刊フリーマガジン a day BULLETIN 第504号（2017年9月18日発行）の表紙に使われたポートレート。当時、東京海上日動火災保険（タイランド）社長 三木晋吉（Shinkichi Mike Miki）。同誌はタイ全土に25万部を発行し、第504号の特集タイトルは「To Be a Good Company」。撮影は2017年8月11日、バンコクのスタジオにて。撮影：a day BULLETIN（TODAY EXPRESS）。,2017-09-18,掲載記事
掲載記事/mike-shinkichi-miki-a-day-bulletin-504-portrait-bangkok-2017.jpg,三木晋吉 誌面用ポートレート（バンコクのオフィスにて・2017年）,a day BULLETIN 第504号の特集インタビューに使われた誌面用ポートレート。2017年8月11日、バンコクの東京海上日動火災保険（タイランド）オフィスにて撮影。当時の社長 三木晋吉（Shinkichi Mike Miki）。撮影：a day BULLETIN（TODAY EXPRESS）。,2017-08-11,掲載記事
競技歴/mike-shinkichi-miki-tokio-marine-thailand-basketball-tournament.jpg,保険会社バスケットボール大会 出場（タイ・2015年）,2015年、タイ国東京海上火災保険 社長在任中に保険会社のバスケットボール大会へ出場した際の記念写真。中央で TOKIO MARINE INSURANCE GROUP の看板を持つ、最も背の高い人物が三木晋吉（左から6人目）。ご一緒した方々のお名前は伏せています。,2015-01-01,競技歴
競技歴/mike-shinkichi-miki-manila-japanese-school-basketball-2000.jpg,マニラ日本人学校でのバスケットボール指導（2000年）,2000年12月16日、フィリピン駐在時にマニラ日本人学校で子どもたちにバスケットボールを指導した際の記念写真。後列左手、黒いTシャツを着た最も背の高い人物が三木晋吉。同じ月の12月3日に体育館でシュートを放つ一枚も本アーカイブに収めています。本アーカイブの競技歴に収めた The Daily MANILA SHIMBUN 1997年11月26日の記事でも、スポーツを通じた日比交流の取り組みが紹介されています。ご一緒した方々のお名前は伏せています。,2000-12-16,競技歴
競技歴/mike-shinkichi-miki-manila-japanese-school-basketball-shooting-2000.jpg,マニラ日本人学校の体育館でシュートを放つ三木晋吉（2000年12月3日）,2000年12月3日、フィリピン駐在時のマニラ日本人学校の体育館。シュートを放つ黒いTシャツの人物が三木晋吉です。子どもたちや保護者が入り交じってボールを追う練習の一場面で、写真の右下にはフィルムカメラの日付が「'00 12 3」と焼き込まれています。同じ月の12月16日に撮影した指導の記念写真も本アーカイブに収めています。ご一緒した方々のお名前は伏せています。,2000-12-03,競技歴
競技歴/mike-shinkichi-miki-tokio-marine-big-blue-rebound.jpg,三木晋吉 東京海上ビッグブルー 背番号13（日本リーグ・1991年）,日本リーグ（現Bリーグ）東京海上ビッグブルー、1991年の一戦。ボールを競る背番号13が三木晋吉。同チームでの背番号13は競技歴の選手名鑑にも記載があります。月刊バスケットボール掲載。,1991-01-01,競技歴
競技歴/mike-shinkichi-miki-waseda-keio-1986-basketball.jpg,三木晋吉 早稲田大学バスケットボール部（第44回早慶戦・1986年）,第44回早慶バスケットボール定期戦（1986年6月15日 早稲田大学記念会堂）のプログラム表紙。シュートを放つ背番号11が早稲田大学バスケットボール部の三木晋吉。表紙写真は月刊バスケットボール提供。競技歴のPDFにも同じ表紙を収めていますが、画像として探せるよう独立して掲載しています。,1986-06-15,競技歴
競技歴/mike-shinkichi-miki-waseda-university-1986-free-throw.jpg,三木晋吉 早稲田大学バスケットボール部 背番号5（大学4年時・1986年）,早稲田大学バスケットボール部4年時、フリースローを放つ背番号5が三木晋吉。1986年（大学4年時）。月刊バスケットボール掲載。撮影日および大会名は確認できていません。ご一緒した方々のお名前は伏せています。,1986-01-01,競技歴
王室関連/sirindhorn-royal-audience-2015-ch7-news.mp4,シリントーン王女殿下への拝謁 — チャンネル7 王室ニュース（2015年11月4日）,2015年11月4日、シリントーン王女殿下がタイ国東京海上火災保険の一行に拝謁を賜り、同社の寄付に対する表彰をお授けになりました。その様子を報じたタイのチャンネル7（ช่อง 7）の王室ニュース（ข่าวในพระราชสำนัก、同日19時48分放送）から、本件の該当部分38秒を収めています。番組タイトル、スタジオでの読み上げ、会場となった宮殿の外観、そして一行が順に拝謁する場面まで。三木晋吉はタイ国東京海上火災保険の社長として出席しました。同じ日の記念写真は本アーカイブの別項目に収めています。ご一緒した方々のお名前は伏せています。,2015-11-04,王室関連
受賞・表彰/tokio-marine-us-100th-anniversary-2012-utb-news.mp4,東京海上 米国進出100周年 — UTB ニュース（ロサンゼルス・2012年2月24日）,"2012年2月24日にロサンゼルスの全米日系人博物館（JANM）で開かれた東京海上の米国進出100周年記念祝賀会を報じた、ロサンゼルスの日本語テレビ局 UTB（United Television Broadcasting）のニュース映像、約70秒。画面表示によれば番組名は「よるクリ」。UTBは南カリフォルニアの日本語放送局で、日本語の番組に英語字幕を付けて放送しており、この映像にも英語字幕が入っています。リトル東京のJANM外観、建物に投影された「100 YEARS」、会場の全景、1931年のTIME誌を含む歴史展示、鏡開き、JANMへの25,000ドルの寄付目録の贈呈、そして会場の歓談まで。「100年前にニューヨークで事業を始め、以来3つの苦難を越えて、現在は全米に9拠点」「日米の顧客・関係者300名以上が出席」と伝えています。画面には Tokio Marine Management, Inc. の President・CEO として Hiroyuki Watabiki 氏が紹介され、次の100年に向けて根を下ろすことの大切さを語っています。三木晋吉はこの時ロサンゼルス支店長でした。同じ祝賀会の記念写真15点は本アーカイブの別項目に収めています。",2012-02-24,受賞・表彰
